{
  "Total" : {
    "transaction" : "Total",
    "sampleCount" : 10643,
    "errorCount" : 0,
    "errorPct" : 0.0,
    "meanResTime" : 4.751010053556328,
    "medianResTime" : 4.0,
    "minResTime" : 1.0,
    "maxResTime" : 180.0,
    "pct1ResTime" : 8.0,
    "pct2ResTime" : 9.0,
    "pct3ResTime" : 12.0,
    "throughput" : 179.26864188381143,
    "receivedKBytesPerSec" : 58.472504195160774,
    "sentKBytesPerSec" : 27.310457161986896
  },
  "TopUsers(optimized)" : {
    "transaction" : "TopUsers(optimized)",
    "sampleCount" : 10643,
    "errorCount" : 0,
    "errorPct" : 0.0,
    "meanResTime" : 4.751010053556328,
    "medianResTime" : 4.0,
    "minResTime" : 1.0,
    "maxResTime" : 180.0,
    "pct1ResTime" : 8.0,
    "pct2ResTime" : 9.0,
    "pct3ResTime" : 12.0,
    "throughput" : 179.26864188381143,
    "receivedKBytesPerSec" : 58.472504195160774,
    "sentKBytesPerSec" : 27.310457161986896
  }
}